region1,region2,rtt,bw,value,abb1,abb2,label,level
us-west4-a,client-us-west4-a,0.615,915.0,0.6160928961748634,us,us,True,1
southamerica-west1-b,client-southamerica-west1-b,0.6509999999999999,971.0,0.6520298661174047,southamerica,southamerica,True,1
asia-northeast3-a,client-asia-northeast3-a,0.773,974.0,0.7740266940451745,asia,asia,True,1
asia-northeast1-b,client-asia-northeast1-b,0.802,967.0,0.803034126163392,asia,asia,True,1
asia-south1-c,client-asia-south1-c,0.826,889.0,0.8271248593925759,asia,asia,True,1
southamerica-east1-b,client-southamerica-east1-b,0.833,971.0,0.8340298661174047,southamerica,southamerica,True,1
asia-southeast2-a,client-asia-southeast2-a,0.841,959.0,0.8420427528675704,asia,asia,True,1
us-east4-c,client-us-east4-c,0.863,964.0,0.8640373443983402,us,us,True,1
europe-central2-a,client-europe-central2-a,0.895,952.0,0.8960504201680672,europe,europe,True,1
europe-north1-a,client-europe-north1-a,0.96,971.0,0.9610298661174047,europe,europe,True,1
us-west1-b,client-us-west1-b,1.005,938.0,1.0060660980810234,us,us,True,1
europe-west2-c,client-europe-west2-c,1.033,962.0,1.034039501039501,europe,europe,True,1
asia-east2-a,client-asia-east2-a,1.034,930.0,1.0350752688172042,asia,asia,True,1
asia-southeast1-b,client-asia-southeast1-b,1.036,931.0,1.0370741138560688,asia,asia,True,1
asia-northeast2-a,client-asia-northeast2-a,1.043,925.0,1.044081081081081,asia,asia,True,1
europe-west4-a,client-europe-west4-a,1.051,932.0,1.0520729613733906,europe,europe,True,1
europe-west1-b,client-europe-west1-b,1.054,962.0,1.055039501039501,europe,europe,True,1
northamerica-northeast2-a,client-northamerica-northeast2-a,1.054,893.0,1.0551198208286674,northamerica,northamerica,True,1
northamerica-northeast1-a,client-northamerica-northeast1-a,1.072,772.0,1.0732953367875648,northamerica,northamerica,True,1
asia-east1-b,client-asia-east1-b,1.0859999999999999,956.0,1.0870460251046024,asia,asia,True,1
australia-southeast1-b,client-australia-southeast1-b,1.089,961.0,1.0900405827263266,australia,australia,True,1
europe-west3-c,client-europe-west3-c,1.1540000000000001,972.0,1.1550288065843624,europe,europe,True,1
us-east1-b,client-us-east1-b,1.188,929.0,1.1890764262648008,us,us,True,1
asia-south2-a,client-asia-south2-a,1.3159999999999998,930.0,1.317075268817204,asia,asia,True,1
europe-west6-a,client-europe-west6-a,1.48,758.0,1.4813192612137203,europe,europe,True,1
australia-southeast2-a,client-australia-southeast2-a,1.567,966.0,1.5680351966873705,australia,australia,True,1
us-west2-a,client-us-west4-a,7.126,938.0,7.127066098081023,us,us,True,1
europe-west1-b,client-europe-west4-a,7.7379999999999995,903.0,7.73910741971207,europe,europe,True,1
europe-west3-c,client-europe-west6-a,7.847,956.0,7.848046025104603,europe,europe,True,1
europe-west2-c,client-europe-west1-b,7.997999999999999,961.0,7.999040582726326,europe,europe,True,1
us-west4-a,client-us-west2-a,8.026,970.0,8.027030927835051,us,us,True,1
europe-west4-a,client-europe-west1-b,8.054,946.0,8.055057082452432,europe,europe,True,1
europe-west4-a,client-europe-west3-c,8.068,870.0,8.069149425287357,europe,europe,True,1
europe-west1-b,client-europe-west2-c,8.094,927.0,8.095078748651563,europe,europe,True,1
europe-west6-a,client-europe-west3-c,8.193,968.0,8.19403305785124,europe,europe,True,1
europe-west1-b,client-europe-west3-c,8.297,818.0,8.29822249388753,europe,europe,True,1
europe-west3-c,client-europe-west4-a,8.328,901.0,8.329109877913428,europe,europe,True,1
northamerica-northeast1-a,client-northamerica-northeast2-a,8.386000000000001,934.0,8.387070663811564,northamerica,northamerica,True,1
europe-west3-c,client-europe-west1-b,8.581,957.0,8.582044932079414,europe,europe,True,1
asia-northeast1-b,client-asia-northeast2-a,9.919,933.0,9.9200718113612,asia,asia,True,1
asia-northeast2-a,client-asia-northeast1-b,10.44,966.0,10.44103519668737,asia,asia,True,1
europe-west2-c,client-europe-west4-a,10.744000000000002,741.0,10.745349527665319,europe,europe,True,1
europe-west4-a,client-europe-west2-c,10.92,949.0,10.921053740779769,europe,europe,True,1
us-east4-c,client-us-east1-b,12.335,915.0,12.336092896174865,us,us,True,1
us-east1-b,client-us-east4-c,13.123,958.0,13.124043841336116,us,us,True,1
asia-east2-a,client-asia-east1-b,13.424000000000001,963.0,13.42503842159917,asia,asia,True,1
europe-west6-a,client-europe-west4-a,13.449000000000002,951.0,13.450051524710833,europe,europe,True,1
us-west2-a,client-us-west3-a,13.618,914.0,13.61909409190372,us,us,True,1
asia-east1-b,client-asia-east2-a,13.68,921.0,13.681085776330075,asia,asia,True,1
europe-west3-c,client-europe-west2-c,13.755,920.0,13.75608695652174,europe,europe,True,1
australia-southeast2-a,client-australia-southeast1-b,14.001,919.0,14.002088139281827,australia,australia,True,1
asia-southeast2-a,client-asia-southeast1-b,14.249,962.0,14.250039501039502,asia,asia,True,1
europe-west4-a,client-europe-west6-a,14.392000000000001,965.0,14.393036269430054,europe,europe,True,1
australia-southeast1-b,client-australia-southeast2-a,14.466,954.0,14.46704821802935,australia,australia,True,1
europe-west6-a,client-europe-west1-b,14.547,964.0,14.548037344398342,europe,europe,True,1
europe-west1-b,client-europe-west6-a,14.687999999999999,954.0,14.689048218029349,europe,europe,True,1
europe-west2-c,client-europe-west3-c,15.061,933.0,15.0620718113612,europe,europe,True,1
europe-west3-c,client-europe-central2-a,16.12,938.0,16.121066098081023,europe,europe,True,1
northamerica-northeast1-a,client-us-east4-c,16.14,962.0,16.1410395010395,northamerica,us,False,1
europe-central2-a,client-europe-west3-c,16.309,953.0,16.31004931794334,europe,europe,True,1
us-west2-a,client-us-west2-a,17.35,826.0,17.35121065375303,us,us,True,1
asia-southeast1-b,client-asia-southeast2-a,18.32,931.0,18.32107411385607,asia,asia,True,1
europe-north1-a,client-europe-central2-a,18.765,927.0,18.766078748651566,europe,europe,True,1
europe-central2-a,client-europe-north1-a,19.32,913.0,19.321095290251918,europe,europe,True,1
us-west4-a,client-us-west3-a,19.493,836.0,19.494196172248802,us,us,True,1
europe-west2-c,client-europe-west6-a,19.717,906.0,19.71810375275938,europe,europe,True,1
europe-west6-a,client-europe-west2-c,20.149,910.0,20.150098901098904,europe,europe,True,1
northamerica-northeast2-a,client-us-east4-c,20.75,923.0,20.751083423618635,northamerica,us,False,1
us-central1-c,client-us-west3-a,21.005,917.0,21.006090512540894,us,us,True,1
europe-west6-a,client-europe-central2-a,21.618000000000002,929.0,21.619076426264805,europe,europe,True,1
europe-west4-a,client-europe-central2-a,21.824,949.0,21.82505374077977,europe,europe,True,1
europe-west1-b,client-europe-central2-a,22.309,955.0,22.31004712041885,europe,europe,True,1
us-west3-a,client-us-central1-c,22.488000000000003,918.0,22.48908932461874,us,us,True,1
asia-south1-c,client-asia-south2-a,22.503,911.0,22.504097694840834,asia,asia,True,1
europe-central2-a,client-europe-west1-b,22.563000000000002,954.0,22.564048218029352,europe,europe,True,1
europe-central2-a,client-europe-west4-a,22.572,930.0,22.573075268817202,europe,europe,True,1
us-east4-c,client-northamerica-northeast2-a,22.964000000000002,937.0,22.965067235859127,us,northamerica,False,1
northamerica-northeast2-a,client-us-central1-c,22.988000000000003,924.0,22.989082251082255,northamerica,us,False,1
europe-central2-a,client-europe-west6-a,23.151,959.0,23.15204275286757,europe,europe,True,1
asia-south2-a,client-asia-south1-c,23.991,952.0,23.992050420168066,asia,asia,True,1
us-east4-c,client-us-central1-c,25.898000000000003,892.0,25.899121076233186,us,us,True,1
us-west2-a,client-us-west1-b,26.087,931.0,26.08807411385607,us,us,True,1
us-east1-b,client-northamerica-northeast1-a,26.154,885.0,26.155129943502825,us,northamerica,False,1
northamerica-northeast1-a,client-us-east1-b,26.214000000000002,912.0,26.21509649122807,northamerica,us,False,1
us-west1-b,client-us-west2-a,26.693,784.0,26.694275510204083,us,us,True,1
europe-central2-a,client-europe-west2-c,27.781,827.0,27.782209189842803,europe,europe,True,1
europe-west2-c,client-europe-central2-a,28.035,863.0,28.036158748551564,europe,europe,True,1
northamerica-northeast1-a,client-us-central1-c,29.07,818.0,29.071222493887532,northamerica,us,False,1
europe-north1-a,client-europe-west4-a,30.995,648.0,30.996543209876545,europe,europe,True,1
europe-west4-a,client-europe-north1-a,31.166,747.0,31.167338688085675,europe,europe,True,1
us-west3-a,client-us-west1-b,31.381,736.0,31.382358695652176,us,us,True,1
us-west1-b,client-us-west3-a,31.561,685.0,31.562459854014598,us,us,True,1
asia-northeast1-b,client-asia-northeast3-a,31.691999999999997,722.0,31.69338504155124,asia,asia,True,1
asia-northeast3-a,client-asia-northeast1-b,32.073,740.0,32.07435135135135,asia,asia,True,1
northamerica-northeast2-a,client-us-east1-b,32.177,736.0,32.17835869565217,northamerica,us,False,1
us-west1-b,client-us-west4-a,32.179,726.0,32.180377410468324,us,us,True,1
us-east1-b,client-us-central1-c,32.548,703.0,32.54942247510669,us,us,True,1
asia-northeast3-a,client-asia-northeast2-a,32.626,748.0,32.62733689839572,asia,asia,True,1
northamerica-northeast2-a,client-northamerica-northeast1-a,32.686,929.0,32.6870764262648,northamerica,northamerica,True,1
europe-north1-a,client-europe-west3-c,32.696,729.0,32.69737174211248,europe,europe,True,1
europe-west3-c,client-europe-north1-a,32.72,720.0,32.72138888888889,europe,europe,True,1
us-east1-b,client-northamerica-northeast2-a,33.091,721.0,33.09238696255201,us,northamerica,False,1
europe-north1-a,client-europe-west1-b,33.466,694.0,33.4674409221902,europe,europe,True,1
europe-west1-b,client-europe-north1-a,33.567,694.0,33.5684409221902,europe,europe,True,1
us-west4-a,client-us-west1-b,33.806999999999995,761.0,33.808314060446776,us,us,True,1
asia-east1-b,client-asia-northeast1-b,33.817,688.0,33.81845348837209,asia,asia,True,1
asia-northeast1-b,client-asia-east1-b,33.894,718.0,33.89539275766017,asia,asia,True,1
us-east4-c,client-northamerica-northeast1-a,34.175,943.0,34.17606044538706,us,northamerica,False,1
asia-northeast2-a,client-asia-northeast3-a,34.757,673.0,34.75848588410104,asia,asia,True,1
asia-northeast2-a,client-asia-east1-b,35.584,604.0,35.585655629139076,asia,asia,True,1
europe-west6-a,client-europe-north1-a,36.042,654.0,36.04352905198777,europe,europe,True,1
asia-east1-b,client-asia-northeast2-a,36.146,609.0,36.14764203612479,asia,asia,True,1
asia-northeast3-a,client-asia-east2-a,36.257,626.0,36.25859744408945,asia,asia,True,1
asia-northeast3-a,client-asia-east1-b,36.365,648.0,36.366543209876546,asia,asia,True,1
europe-north1-a,client-europe-west6-a,36.406,654.0,36.407529051987765,europe,europe,True,1
asia-southeast1-b,client-asia-east2-a,36.525,650.0,36.52653846153846,asia,asia,True,1
asia-east2-a,client-asia-southeast1-b,36.769,640.0,36.7705625,asia,asia,True,1
asia-east2-a,client-asia-northeast3-a,36.869,653.0,36.87053139356815,asia,asia,True,1
asia-east1-b,client-asia-northeast3-a,37.295,623.0,37.2966051364366,asia,asia,True,1
us-west1-b,client-us-central1-c,39.314,608.0,39.3156447368421,us,us,True,1
us-west4-a,client-us-central1-c,40.669000000000004,575.0,40.67073913043479,us,us,True,1
europe-north1-a,client-europe-west2-c,40.779,541.0,40.78084842883549,europe,europe,True,1
europe-west2-c,client-europe-north1-a,41.941,565.0,41.94276991150443,europe,europe,True,1
us-west3-a,client-northamerica-northeast2-a,42.5,529.0,42.50189035916824,us,northamerica,False,1
us-central1-c,client-us-west4-a,43.336000000000006,538.0,43.33785873605949,us,us,True,1
asia-east1-b,client-asia-southeast1-b,43.548,572.0,43.549748251748255,asia,asia,True,1
asia-east2-a,client-asia-northeast2-a,43.663000000000004,487.0,43.66505338809035,asia,asia,True,1
northamerica-northeast2-a,client-us-west3-a,44.019,550.0,44.02081818181818,northamerica,us,False,1
us-west3-a,client-us-east4-c,45.602,514.0,45.60394552529183,us,us,True,1
asia-northeast1-b,client-asia-east2-a,45.935,516.0,45.936937984496126,asia,asia,True,1
asia-east2-a,client-asia-northeast1-b,46.203,505.0,46.204980198019804,asia,asia,True,1
us-east4-c,client-us-west3-a,46.653999999999996,530.0,46.655886792452826,us,us,True,1
asia-southeast1-b,client-asia-east1-b,46.895,462.0,46.89716450216451,asia,asia,True,1
asia-northeast2-a,client-asia-east2-a,48.641000000000005,455.0,48.64319780219781,asia,asia,True,1
southamerica-east1-b,client-southamerica-west1-b,48.994,461.0,48.996169197396966,southamerica,southamerica,True,1
southamerica-west1-b,client-southamerica-east1-b,49.071999999999996,477.0,49.074096436058696,southamerica,southamerica,True,1
northamerica-northeast1-a,client-us-west3-a,49.177,457.0,49.17918818380744,northamerica,us,False,1
asia-east2-a,client-asia-southeast2-a,49.477,477.0,49.4790964360587,asia,asia,True,1
us-west2-a,client-us-central1-c,50.224,459.0,50.22617864923747,us,us,True,1
us-west3-a,client-northamerica-northeast1-a,50.713,472.0,50.7151186440678,us,northamerica,False,1
asia-southeast2-a,client-asia-east2-a,50.721000000000004,478.0,50.72309205020921,asia,asia,True,1
us-east1-b,client-us-west3-a,51.797,445.0,51.79924719101123,us,us,True,1
us-west3-a,client-us-east1-b,52.423,440.0,52.42527272727273,us,us,True,1
northamerica-northeast2-a,client-us-west1-b,55.175,429.0,55.177331002331,northamerica,us,False,1
us-west1-b,client-northamerica-northeast2-a,55.531000000000006,428.0,55.533336448598135,us,northamerica,False,1
us-west1-b,client-us-east4-c,56.967,410.0,56.96943902439024,us,us,True,1
us-east1-b,client-us-west4-a,56.986999999999995,418.0,56.9893923444976,us,us,True,1
us-west4-a,client-us-east1-b,57.006,413.0,57.008421307506055,us,us,True,1
us-east4-c,client-us-west1-b,57.495,404.0,57.49747524752475,us,us,True,1
asia-southeast2-a,client-asia-east1-b,57.771,433.0,57.77330946882217,asia,asia,True,1
asia-east1-b,client-asia-southeast2-a,59.06,382.0,59.062617801047125,asia,asia,True,1
northamerica-northeast1-a,client-us-west1-b,60.858999999999995,382.0,60.86161780104712,northamerica,us,False,1
asia-south1-c,client-asia-southeast1-b,61.125,384.0,61.127604166666664,asia,asia,True,1
us-west4-a,client-us-east4-c,61.159,387.0,61.161583979328164,us,us,True,1
us-east4-c,client-us-west4-a,61.706,377.0,61.7086525198939,us,us,True,1
us-west4-a,client-northamerica-northeast2-a,62.053999999999995,373.0,62.05668096514745,us,northamerica,False,1
us-east1-b,client-us-west2-a,62.074,375.0,62.07666666666667,us,us,True,1
us-west2-a,client-us-east1-b,62.162,373.0,62.164680965147454,us,us,True,1
us-west1-b,client-northamerica-northeast1-a,62.177,384.0,62.179604166666664,us,northamerica,False,1
northamerica-northeast2-a,client-us-west4-a,62.25,381.0,62.25262467191601,northamerica,us,False,1
asia-southeast1-b,client-asia-south1-c,62.262,382.0,62.26461780104712,asia,asia,True,1
us-east1-b,client-us-west1-b,64.273,361.0,64.27577008310249,us,us,True,1
us-west1-b,client-us-east1-b,64.935,362.0,64.93776243093923,us,us,True,1
us-west2-a,client-us-east4-c,66.613,348.0,66.61587356321839,us,us,True,1
us-west2-a,client-northamerica-northeast2-a,67.031,345.0,67.03389855072464,us,northamerica,False,1
us-east4-c,client-us-west2-a,67.155,348.0,67.15787356321839,us,us,True,1
asia-south2-a,client-asia-southeast1-b,67.762,323.0,67.7650959752322,asia,asia,True,1
northamerica-northeast2-a,client-us-west2-a,67.771,342.0,67.77392397660819,northamerica,us,False,1
northamerica-northeast1-a,client-us-west4-a,68.122,339.0,68.12494985250737,northamerica,us,False,1
us-west4-a,client-northamerica-northeast1-a,68.786,343.0,68.78891545189505,us,northamerica,False,1
asia-southeast1-b,client-asia-northeast3-a,70.649,303.0,70.652300330033,asia,asia,True,1
asia-southeast1-b,client-asia-south2-a,71.262,336.0,71.26497619047619,asia,asia,True,1
asia-northeast3-a,client-asia-southeast1-b,71.98899999999999,330.0,71.99203030303029,asia,asia,True,1
asia-southeast2-a,client-asia-south1-c,73.282,314.0,73.2851847133758,asia,asia,True,1
us-west2-a,client-northamerica-northeast1-a,73.311,316.0,73.31416455696203,us,northamerica,False,1
asia-southeast1-b,client-asia-northeast1-b,73.48899999999999,310.0,73.4922258064516,asia,asia,True,1
northamerica-northeast1-a,client-us-west2-a,73.527,316.0,73.53016455696202,northamerica,us,False,1
asia-south1-c,client-asia-southeast2-a,74.074,307.0,74.07725732899023,asia,asia,True,1
europe-west2-c,client-us-east4-c,77.58,296.0,77.58337837837837,europe,us,False,1
asia-northeast2-a,client-asia-southeast1-b,77.722,287.0,77.72548432055748,asia,asia,True,1
northamerica-northeast1-a,client-europe-west2-c,77.748,295.0,77.75138983050847,northamerica,europe,False,1
us-east4-c,client-europe-west2-c,78.422,296.0,78.42537837837837,us,europe,False,1
europe-west2-c,client-northamerica-northeast1-a,78.816,291.0,78.81943642611684,europe,northamerica,False,1
asia-northeast1-b,client-asia-southeast2-a,80.97,263.0,80.97380228136882,asia,asia,True,1
asia-southeast1-b,client-asia-northeast2-a,81.194,285.0,81.19750877192983,asia,asia,True,1
asia-south2-a,client-asia-southeast2-a,81.421,275.0,81.42463636363637,asia,asia,True,1
europe-west1-b,client-us-east4-c,81.568,282.0,81.57154609929079,europe,us,False,1
us-east4-c,client-europe-west1-b,81.725,282.0,81.72854609929078,us,europe,False,1
europe-west1-b,client-northamerica-northeast1-a,81.851,280.0,81.85457142857143,europe,northamerica,False,1
asia-southeast2-a,client-asia-south2-a,82.171,274.0,82.1746496350365,asia,asia,True,1
australia-southeast2-a,client-asia-southeast1-b,82.473,270.0,82.4767037037037,australia,asia,False,1
northamerica-northeast1-a,client-europe-west1-b,82.6,277.0,82.60361010830324,northamerica,europe,False,1
asia-southeast1-b,client-australia-southeast2-a,82.8,268.0,82.80373134328357,asia,australia,False,1
asia-southeast2-a,client-asia-northeast3-a,83.74700000000001,277.0,83.75061010830326,asia,asia,True,1
northamerica-northeast1-a,client-europe-west4-a,84.181,270.0,84.1847037037037,northamerica,europe,False,1
europe-west2-c,client-northamerica-northeast2-a,84.539,271.0,84.54269003690037,europe,northamerica,False,1
asia-northeast1-b,client-asia-southeast1-b,84.946,287.0,84.94948432055749,asia,asia,True,1
europe-west4-a,client-us-east4-c,85.084,268.0,85.08773134328358,europe,us,False,1
us-east4-c,client-europe-west4-a,85.109,268.0,85.11273134328357,us,europe,False,1
europe-west4-a,client-northamerica-northeast1-a,85.27,268.0,85.27373134328357,europe,northamerica,False,1
europe-west3-c,client-us-east4-c,86.709,262.0,86.71281679389314,europe,us,False,1
asia-south1-c,client-asia-east2-a,86.855,264.0,86.85878787878788,asia,asia,True,1
asia-northeast3-a,client-asia-southeast2-a,87.46600000000001,280.0,87.46957142857144,asia,asia,True,1
us-east4-c,client-europe-west3-c,87.775,260.0,87.77884615384616,us,europe,False,1
europe-west2-c,client-us-east1-b,87.87899999999999,258.0,87.88287596899224,europe,us,False,1
europe-west3-c,client-northamerica-northeast1-a,88.132,257.0,88.13589105058367,europe,northamerica,False,1
northamerica-northeast1-a,client-europe-west3-c,88.404,259.0,88.407861003861,northamerica,europe,False,1
us-east1-b,client-europe-west2-c,88.74799999999999,259.0,88.751861003861,us,europe,False,1
europe-west1-b,client-northamerica-northeast2-a,88.97,253.0,88.97395256916995,europe,northamerica,False,1
us-west1-b,client-asia-northeast1-b,89.166,243.0,89.17011522633744,us,asia,False,1
northamerica-northeast2-a,client-europe-west1-b,89.415,256.0,89.41890625,northamerica,europe,False,1
asia-southeast2-a,client-asia-northeast1-b,89.745,254.0,89.74893700787402,asia,asia,True,1
asia-east2-a,client-asia-south1-c,90.62899999999999,264.0,90.63278787878787,asia,asia,True,1
europe-west1-b,client-us-east1-b,91.406,248.0,91.41003225806452,europe,us,False,1
us-east1-b,client-europe-west1-b,91.499,248.0,91.50303225806451,us,europe,False,1
europe-west4-a,client-northamerica-northeast2-a,91.758,246.0,91.7620650406504,europe,northamerica,False,1
asia-northeast1-b,client-us-west1-b,91.949,250.0,91.953,asia,us,False,1
northamerica-northeast2-a,client-europe-west4-a,92.711,248.0,92.71503225806451,northamerica,europe,False,1
asia-northeast2-a,client-asia-southeast2-a,93.324,241.0,93.32814937759336,asia,asia,True,1
australia-southeast1-b,client-asia-southeast1-b,93.361,244.0,93.36509836065574,australia,asia,False,1
asia-southeast2-a,client-asia-northeast2-a,93.70100000000001,244.0,93.70509836065574,asia,asia,True,1
us-east4-c,client-europe-west6-a,93.86399999999999,244.0,93.86809836065572,us,europe,False,1
europe-west6-a,client-us-east4-c,93.87100000000001,246.0,93.87506504065041,europe,us,False,1
europe-west6-a,client-northamerica-northeast1-a,94.137,244.0,94.14109836065573,europe,northamerica,False,1
northamerica-northeast1-a,client-europe-west6-a,94.727,242.0,94.73113223140496,northamerica,europe,False,1
europe-west3-c,client-northamerica-northeast2-a,94.795,237.0,94.7992194092827,europe,northamerica,False,1
europe-west2-c,client-us-central1-c,95.005,239.0,95.00918410041841,europe,us,False,1
us-central1-c,client-europe-west2-c,95.15100000000001,238.0,95.15520168067228,us,europe,False,1
asia-southeast1-b,client-australia-southeast1-b,95.56700000000001,248.0,95.57103225806452,asia,australia,False,1
us-east1-b,client-europe-west4-a,95.73,237.0,95.7342194092827,us,europe,False,1
europe-west3-c,client-us-east1-b,95.95100000000001,234.0,95.9552735042735,europe,us,False,1
europe-west4-a,client-us-east1-b,95.96700000000001,237.0,95.97121940928271,europe,us,False,1
northamerica-northeast2-a,client-europe-west3-c,96.005,237.0,96.0092194092827,northamerica,europe,False,1
us-east1-b,client-europe-west3-c,96.624,237.0,96.62821940928269,us,europe,False,1
asia-southeast2-a,client-australia-southeast2-a,96.837,220.0,96.84154545454545,asia,australia,False,1
australia-southeast2-a,client-asia-southeast2-a,98.191,237.0,98.1952194092827,australia,asia,False,1
southamerica-west1-b,client-us-east1-b,99.5,222.0,99.50450450450451,southamerica,us,False,1
europe-west1-b,client-us-central1-c,99.525,229.0,99.52936681222708,europe,us,False,1
us-central1-c,client-europe-west1-b,99.66799999999999,225.0,99.67244444444444,us,europe,False,1
us-west2-a,client-asia-northeast1-b,99.671,225.0,99.67544444444445,us,asia,False,1
asia-northeast2-a,client-us-west1-b,100.37899999999999,229.0,100.38336681222707,asia,us,False,2
us-west1-b,client-asia-northeast2-a,100.45299999999999,229.0,100.45736681222706,us,asia,False,2
asia-northeast1-b,client-us-west2-a,100.709,225.0,100.71344444444445,asia,us,False,2
us-east1-b,client-southamerica-west1-b,101.71,216.0,101.71462962962963,us,southamerica,False,2
europe-west6-a,client-us-east1-b,101.72399999999999,220.0,101.72854545454544,europe,us,False,2
europe-central2-a,client-us-east4-c,101.744,222.0,101.74850450450451,europe,us,False,2
us-east4-c,client-europe-central2-a,101.834,224.0,101.8384642857143,us,europe,False,2
northamerica-northeast2-a,client-europe-west6-a,102.39,222.0,102.39450450450451,northamerica,europe,False,2
europe-west6-a,client-northamerica-northeast2-a,102.469,220.0,102.47354545454544,europe,northamerica,False,2
us-east1-b,client-europe-west6-a,102.488,221.0,102.49252488687783,us,europe,False,2
northamerica-northeast1-a,client-europe-central2-a,103.036,219.0,103.04056621004567,northamerica,europe,False,2
europe-west4-a,client-us-central1-c,103.34299999999999,221.0,103.34752488687782,europe,us,False,2
europe-central2-a,client-northamerica-northeast1-a,103.432,218.0,103.43658715596331,europe,northamerica,False,2
asia-east1-b,client-asia-south1-c,104.166,209.0,104.17078468899521,asia,asia,True,2
europe-north1-a,client-us-east4-c,104.348,216.0,104.35262962962963,europe,us,False,2
us-east4-c,client-europe-north1-a,105.137,217.0,105.14160829493088,us,europe,False,2
europe-west3-c,client-us-central1-c,105.719,214.0,105.72367289719625,europe,us,False,2
southamerica-west1-b,client-us-west2-a,106.465,212.0,106.46971698113208,southamerica,us,False,2
us-west2-a,client-southamerica-west1-b,106.505,212.0,106.50971698113207,us,southamerica,False,2
asia-northeast2-a,client-us-west2-a,106.906,211.0,106.9107393364929,asia,us,False,2
us-west2-a,client-asia-northeast2-a,106.994,211.0,106.99873933649289,us,asia,False,2
asia-northeast1-b,client-us-west4-a,106.999,215.0,107.00365116279069,asia,us,False,2
us-west4-a,client-asia-northeast1-b,107.10700000000001,215.0,107.11165116279071,us,asia,False,2
asia-south2-a,client-asia-east2-a,107.10799999999999,208.0,107.11280769230768,asia,asia,True,2
northamerica-northeast2-a,client-europe-west2-c,107.321,278.0,107.32459712230215,northamerica,europe,False,2
asia-east2-a,client-asia-south2-a,107.7,212.0,107.70471698113208,asia,asia,True,2
australia-southeast1-b,client-asia-southeast2-a,108.277,209.0,108.28178468899522,australia,asia,False,2
asia-southeast2-a,client-australia-southeast1-b,108.363,213.0,108.36769483568075,asia,australia,False,2
asia-south1-c,client-asia-east1-b,109.05,215.0,109.05465116279069,asia,asia,True,2
asia-east1-b,client-asia-south2-a,109.60799999999999,211.0,109.61273933649288,asia,asia,True,2
northamerica-northeast2-a,client-europe-central2-a,109.729,207.0,109.7338309178744,northamerica,europe,False,2
europe-central2-a,client-us-east1-b,110.417,204.0,110.42190196078431,europe,us,False,2
europe-central2-a,client-northamerica-northeast2-a,110.77799999999999,205.0,110.78287804878047,europe,northamerica,False,2
us-east1-b,client-europe-central2-a,111.368,203.0,111.37292610837437,us,europe,False,2
europe-west6-a,client-us-central1-c,111.446,201.0,111.4509751243781,europe,us,False,2
southamerica-west1-b,client-us-west4-a,111.764,201.0,111.7689751243781,southamerica,us,False,2
us-west4-a,client-southamerica-west1-b,111.833,199.0,111.83802512562814,us,southamerica,False,2
asia-northeast1-b,client-us-west3-a,112.26,198.0,112.26505050505051,asia,us,False,2
us-west3-a,client-asia-northeast1-b,112.59899999999999,200.0,112.60399999999998,us,asia,False,2
asia-northeast2-a,client-us-west4-a,112.726,201.0,112.7309751243781,asia,us,False,2
us-east4-c,client-southamerica-west1-b,113.085,194.0,113.09015463917525,us,southamerica,False,2
us-west4-a,client-asia-northeast2-a,113.73,201.0,113.73497512437811,us,asia,False,2
us-east1-b,client-europe-north1-a,113.943,197.0,113.94807614213198,us,europe,False,2
europe-north1-a,client-us-east1-b,114.20200000000001,195.0,114.20712820512821,europe,us,False,2
northamerica-northeast1-a,client-europe-north1-a,114.84100000000001,194.0,114.84615463917527,northamerica,europe,False,2
europe-west2-c,client-us-west3-a,115.177,195.0,115.18212820512821,europe,us,False,2
europe-north1-a,client-northamerica-northeast1-a,115.196,194.0,115.20115463917526,europe,northamerica,False,2
us-east4-c,client-southamerica-east1-b,115.88799999999999,193.0,115.89318134715025,us,southamerica,False,2
southamerica-east1-b,client-us-east4-c,115.992,194.0,115.99715463917526,southamerica,us,False,2
southamerica-west1-b,client-us-east4-c,116.181,187.0,116.18634759358288,southamerica,us,False,2
asia-northeast3-a,client-us-west1-b,116.3,189.0,116.305291005291,asia,us,False,2
asia-east1-b,client-us-west1-b,117.075,187.0,117.08034759358289,asia,us,False,2
southamerica-east1-b,client-us-east1-b,117.094,191.0,117.09923560209424,southamerica,us,False,2
asia-east2-a,client-australia-southeast2-a,117.344,181.0,117.34952486187845,asia,australia,False,2
us-east1-b,client-southamerica-east1-b,117.419,190.0,117.42426315789473,us,southamerica,False,2
australia-southeast2-a,client-asia-east2-a,117.654,184.0,117.6594347826087,australia,asia,False,2
us-west1-b,client-asia-northeast3-a,117.781,194.0,117.78615463917527,us,asia,False,2
us-west3-a,client-southamerica-west1-b,118.665,187.0,118.67034759358289,us,southamerica,False,2
southamerica-west1-b,client-us-west3-a,119.255,189.0,119.260291005291,southamerica,us,False,2
us-west1-b,client-asia-east1-b,119.29799999999999,188.0,119.30331914893615,us,asia,False,2
us-west3-a,client-asia-northeast2-a,119.331,187.0,119.33634759358289,us,asia,False,2
europe-central2-a,client-us-central1-c,119.801,187.0,119.80634759358288,europe,us,False,2
us-central1-c,client-europe-central2-a,119.955,186.0,119.96037634408601,us,europe,False,2
europe-west1-b,client-us-west3-a,120.289,169.0,120.29491715976332,europe,us,False,2
asia-northeast2-a,client-us-west3-a,120.30799999999999,187.0,120.31334759358288,asia,us,False,2
asia-south1-c,client-asia-northeast3-a,120.505,177.0,120.51064971751411,asia,asia,True,2
asia-northeast1-b,client-australia-southeast1-b,120.65299999999999,184.0,120.6584347826087,asia,australia,False,2
asia-northeast3-a,client-asia-south1-c,121.037,184.0,121.04243478260871,asia,asia,True,2
asia-south2-a,client-asia-east1-b,121.208,182.0,121.21349450549451,asia,asia,True,2
northamerica-northeast2-a,client-europe-north1-a,122.12200000000001,182.0,122.12749450549452,northamerica,europe,False,2
australia-southeast1-b,client-asia-northeast1-b,122.145,182.0,122.1504945054945,australia,asia,False,2
us-west3-a,client-europe-west4-a,122.399,181.0,122.40452486187846,us,europe,False,2
northamerica-northeast1-a,client-southamerica-west1-b,122.82600000000001,181.0,122.83152486187846,northamerica,southamerica,False,2
southamerica-west1-b,client-northamerica-northeast1-a,122.84700000000001,177.0,122.85264971751413,southamerica,northamerica,False,2
europe-north1-a,client-northamerica-northeast2-a,123.04299999999999,182.0,123.0484945054945,europe,northamerica,False,2
europe-west4-a,client-us-west3-a,123.352,181.0,123.35752486187846,europe,us,False,2
southamerica-west1-b,client-us-central1-c,124.624,19.0,124.67663157894737,southamerica,us,False,2
europe-west3-c,client-us-west3-a,124.855,155.0,124.86145161290322,europe,us,False,2
us-west3-a,client-europe-west3-c,125.71799999999999,174.0,125.72374712643678,us,europe,False,2
us-west1-b,client-europe-west2-c,125.73200000000001,175.0,125.7377142857143,us,europe,False,2
europe-north1-a,client-us-central1-c,126.36,176.0,126.36568181818181,europe,us,False,2
europe-west2-c,client-us-west1-b,126.439,175.0,126.44471428571428,europe,us,False,2
asia-northeast3-a,client-us-west2-a,126.686,174.0,126.6917471264368,asia,us,False,2
us-central1-c,client-europe-north1-a,126.72399999999999,175.0,126.72971428571428,us,europe,False,2
us-west2-a,client-asia-northeast3-a,126.917,175.0,126.92271428571429,us,asia,False,2
northamerica-northeast1-a,client-southamerica-east1-b,127.258,173.0,127.26378034682081,northamerica,southamerica,False,2
asia-east1-b,client-us-west2-a,127.584,175.0,127.5897142857143,asia,us,False,2
us-west2-a,client-asia-east1-b,127.971,174.0,127.97674712643679,us,asia,False,2
asia-northeast1-b,client-us-central1-c,128.17700000000002,171.0,128.1828479532164,asia,us,False,2
southamerica-east1-b,client-northamerica-northeast1-a,128.52700000000002,173.0,128.53278034682083,southamerica,northamerica,False,2
asia-northeast2-a,client-australia-southeast1-b,128.55700000000002,173.0,128.56278034682083,asia,australia,False,2
australia-southeast1-b,client-asia-east2-a,128.69,172.0,128.69581395348837,australia,asia,False,2
australia-southeast1-b,client-asia-northeast2-a,128.963,173.0,128.9687803468208,australia,asia,False,2
asia-east2-a,client-australia-southeast1-b,129.095,170.0,129.10088235294117,asia,australia,False,2
asia-south1-c,client-asia-northeast1-b,129.884,169.0,129.88991715976329,asia,asia,True,2
southamerica-west1-b,client-us-west1-b,130.014,168.0,130.0199523809524,southamerica,us,False,2
asia-northeast1-b,client-asia-south1-c,130.023,164.0,130.0290975609756,asia,asia,True,2
us-west1-b,client-southamerica-west1-b,130.042,170.0,130.04788235294117,us,southamerica,False,2
asia-northeast2-a,client-asia-south1-c,130.072,167.0,130.0779880239521,asia,asia,True,2
asia-east1-b,client-australia-southeast2-a,131.058,170.0,131.06388235294116,asia,australia,False,2
asia-northeast3-a,client-us-west4-a,131.077,167.0,131.08298802395208,asia,us,False,2
europe-west1-b,client-us-west1-b,131.249,168.0,131.25495238095237,europe,us,False,2
asia-east2-a,client-us-west1-b,131.298,165.0,131.3040606060606,asia,us,False,2
southamerica-west1-b,client-northamerica-northeast2-a,131.311,168.0,131.3169523809524,southamerica,northamerica,False,2
us-west1-b,client-europe-west1-b,131.359,168.0,131.3649523809524,us,europe,False,2
us-west1-b,client-asia-east2-a,131.597,168.0,131.6029523809524,us,asia,False,2
northamerica-northeast2-a,client-southamerica-west1-b,131.61,168.0,131.6159523809524,northamerica,southamerica,False,2
asia-south1-c,client-asia-northeast2-a,131.632,163.0,131.63813496932517,asia,asia,True,2
australia-southeast2-a,client-asia-east1-b,132.01,171.0,132.01584795321637,australia,asia,False,2
europe-west6-a,client-us-west3-a,132.107,167.0,132.11298802395208,europe,us,False,2
us-west4-a,client-asia-northeast3-a,132.254,167.0,132.25998802395208,us,asia,False,2
us-west3-a,client-europe-west6-a,132.257,166.0,132.26302409638555,us,europe,False,2
asia-northeast1-b,client-australia-southeast2-a,133.28799999999998,166.0,133.29402409638553,asia,australia,False,2
australia-southeast2-a,client-asia-northeast1-b,133.32299999999998,166.0,133.32902409638552,australia,asia,False,2
europe-west2-c,client-us-west4-a,133.691,164.0,133.6970975609756,europe,us,False,2
us-west4-a,client-asia-east1-b,133.792,167.0,133.7979880239521,us,asia,False,2
us-west1-b,client-europe-west4-a,134.11,165.0,134.1160606060606,us,europe,False,2
asia-east1-b,client-us-west4-a,134.253,166.0,134.25902409638553,asia,us,False,2
europe-west4-a,client-us-west1-b,134.287,165.0,134.2930606060606,europe,us,False,2
us-west4-a,client-europe-west2-c,135.11,164.0,135.11609756097562,us,europe,False,2
southamerica-east1-b,client-northamerica-northeast2-a,135.141,163.0,135.14713496932515,southamerica,northamerica,False,2
northamerica-northeast2-a,client-southamerica-east1-b,135.72799999999998,163.0,135.73413496932514,northamerica,southamerica,False,2
australia-southeast1-b,client-us-west1-b,137.204,161.0,137.21021118012422,australia,us,False,2
us-west1-b,client-australia-southeast1-b,137.215,160.0,137.22125,us,australia,False,2
asia-northeast2-a,client-us-central1-c,137.279,160.0,137.28525,asia,us,False,2
us-west2-a,client-europe-west2-c,137.372,159.0,137.3782893081761,us,europe,False,2
europe-west3-c,client-us-west1-b,137.481,160.0,137.48725,europe,us,False,2
australia-southeast1-b,client-us-west2-a,137.833,159.0,137.8392893081761,australia,us,False,2
asia-east1-b,client-australia-southeast1-b,138.058,166.0,138.06402409638554,asia,australia,False,2
us-west2-a,client-australia-southeast1-b,138.213,160.0,138.21925,us,australia,False,2
us-west3-a,client-asia-northeast3-a,138.338,151.0,138.34462251655629,us,asia,False,2
asia-northeast3-a,client-us-west3-a,138.636,160.0,138.64225,asia,us,False,2
europe-west2-c,client-us-west2-a,138.899,158.0,138.90532911392404,europe,us,False,2
us-west1-b,client-europe-west3-c,138.945,160.0,138.95125,us,europe,False,2
asia-northeast1-b,client-asia-south2-a,139.304,143.0,139.31099300699302,asia,asia,True,2
asia-east2-a,client-us-west2-a,139.388,159.0,139.3942893081761,asia,us,False,2
europe-west1-b,client-us-west4-a,139.428,158.0,139.43432911392404,europe,us,False,2
us-west2-a,client-asia-east2-a,139.488,159.0,139.4942893081761,us,asia,False,2
southamerica-east1-b,client-us-central1-c,139.838,157.0,139.8443694267516,southamerica,us,False,2
europe-central2-a,client-us-west3-a,139.91299999999998,156.0,139.91941025641023,europe,us,False,2
us-west4-a,client-europe-west1-b,140.045,157.0,140.0513694267516,us,europe,False,2
us-west3-a,client-asia-east1-b,140.262,158.0,140.26832911392404,us,asia,False,2
asia-east1-b,client-us-west3-a,140.56,158.0,140.56632911392404,asia,us,False,2
us-west4-a,client-europe-west4-a,140.923,156.0,140.92941025641025,us,europe,False,2
asia-northeast2-a,client-australia-southeast2-a,141.378,157.0,141.3843694267516,asia,australia,False,2
europe-west4-a,client-us-west4-a,141.477,156.0,141.48341025641025,europe,us,False,2
australia-southeast2-a,client-asia-northeast2-a,141.529,157.0,141.5353694267516,australia,asia,False,2
australia-southeast1-b,client-asia-east1-b,142.22899999999998,153.0,142.2355359477124,australia,asia,False,2
us-west4-a,client-australia-southeast1-b,142.70600000000002,152.0,142.71257894736843,us,australia,False,2
asia-northeast3-a,client-asia-south2-a,142.878,155.0,142.8844516129032,asia,asia,True,2
europe-west6-a,client-us-west1-b,143.399,154.0,143.4054935064935,europe,us,False,2
australia-southeast1-b,client-us-west4-a,144.19,152.0,144.1965789473684,australia,us,False,2
us-west1-b,client-europe-west6-a,144.207,154.0,144.2134935064935,us,europe,False,2
australia-southeast2-a,client-asia-south1-c,144.266,151.0,144.27262251655628,australia,asia,False,2
asia-south1-c,client-australia-southeast2-a,144.46200000000002,151.0,144.4686225165563,asia,australia,False,2
asia-south2-a,client-asia-northeast3-a,144.559,154.0,144.5654935064935,asia,asia,True,2
us-west4-a,client-europe-west3-c,144.628,151.0,144.63462251655628,us,europe,False,2
europe-west3-c,client-us-west4-a,144.636,152.0,144.6425789473684,europe,us,False,2
us-west4-a,client-asia-east2-a,144.813,150.0,144.81966666666665,us,asia,False,2
europe-west1-b,client-us-west2-a,145.137,150.0,145.14366666666666,europe,us,False,2
us-west2-a,client-europe-west1-b,145.619,151.0,145.6256225165563,us,europe,False,2
asia-east2-a,client-us-west4-a,145.795,150.0,145.80166666666665,asia,us,False,2
northamerica-northeast2-a,client-asia-northeast1-b,145.826,148.0,145.83275675675674,northamerica,asia,False,2
europe-west4-a,client-us-west2-a,146.61700000000002,148.0,146.62375675675676,europe,us,False,2
us-west2-a,client-europe-west4-a,146.642,150.0,146.64866666666666,us,europe,False,2
us-east4-c,client-asia-northeast1-b,146.75,147.0,146.75680272108843,us,asia,False,2
europe-north1-a,client-us-west3-a,146.877,149.0,146.88371140939597,europe,us,False,2
asia-northeast2-a,client-asia-south2-a,147.02,150.0,147.02666666666667,asia,asia,True,2
asia-northeast1-b,client-northamerica-northeast2-a,147.325,148.0,147.33175675675673,asia,northamerica,False,2
asia-northeast3-a,client-australia-southeast1-b,148.026,147.0,148.03280272108844,asia,australia,False,2
australia-southeast1-b,client-asia-northeast3-a,148.135,147.0,148.14180272108842,australia,asia,False,2
asia-northeast1-b,client-us-east4-c,148.38299999999998,150.0,148.38966666666664,asia,us,False,2
asia-northeast1-b,client-northamerica-northeast1-a,148.92600000000002,144.0,148.93294444444447,asia,northamerica,False,2
australia-southeast2-a,client-us-west1-b,149.0,146.0,149.0068493150685,australia,us,False,2
europe-west6-a,client-us-west4-a,149.282,145.0,149.28889655172415,europe,us,False,2
us-west3-a,client-australia-southeast1-b,149.895,146.0,149.90184931506852,us,australia,False,2
us-west1-b,client-australia-southeast2-a,149.94,146.0,149.9468493150685,us,australia,False,2
australia-southeast2-a,client-us-west2-a,150.123,145.0,150.12989655172413,australia,us,False,2
us-west2-a,client-australia-southeast2-a,150.236,146.0,150.2428493150685,us,australia,False,2
us-west4-a,client-europe-west6-a,150.577,144.0,150.58394444444446,us,europe,False,2
australia-southeast1-b,client-us-west3-a,150.899,145.0,150.90589655172414,australia,us,False,2
europe-west3-c,client-us-west2-a,150.912,18.5,150.96605405405407,europe,us,False,2
us-west1-b,client-europe-central2-a,151.674,143.0,151.68099300699302,us,europe,False,2
europe-central2-a,client-us-west1-b,151.692,143.0,151.69899300699302,europe,us,False,2
australia-southeast2-a,client-asia-south2-a,151.752,146.0,151.75884931506852,australia,asia,False,2
asia-east2-a,client-us-west3-a,152.16,143.0,152.166993006993,asia,us,False,2
us-west3-a,client-asia-east2-a,152.19799999999998,143.0,152.204993006993,us,asia,False,2
northamerica-northeast1-a,client-asia-northeast1-b,152.393,144.0,152.39994444444446,northamerica,asia,False,2
asia-northeast2-a,client-northamerica-northeast2-a,152.743,140.0,152.75014285714286,asia,northamerica,False,2
us-east1-b,client-asia-northeast1-b,152.819,140.0,152.82614285714286,us,asia,False,2
asia-south2-a,client-asia-northeast2-a,152.83100000000002,147.0,152.83780272108845,asia,asia,True,2
northamerica-northeast2-a,client-asia-northeast2-a,152.869,142.0,152.87604225352112,northamerica,asia,False,2
australia-southeast1-b,client-asia-south1-c,153.001,143.0,153.00799300699302,australia,asia,False,2
asia-south1-c,client-australia-southeast1-b,153.02100000000002,142.0,153.02804225352114,asia,australia,False,2
asia-south2-a,client-asia-northeast1-b,153.502,150.0,153.50866666666667,asia,asia,True,2
asia-south2-a,client-australia-southeast2-a,153.65,145.0,153.65689655172415,asia,australia,False,2
asia-northeast1-b,client-us-east1-b,154.511,143.0,154.517993006993,asia,us,False,2
asia-east1-b,client-us-central1-c,154.559,138.0,154.5662463768116,asia,us,False,2
southamerica-east1-b,client-us-west2-a,154.674,141.0,154.68109219858158,southamerica,us,False,2
asia-northeast3-a,client-us-central1-c,154.842,142.0,154.84904225352113,asia,us,False,2
us-west2-a,client-southamerica-east1-b,155.069,137.0,155.07629927007298,us,southamerica,False,2
us-east4-c,client-asia-northeast2-a,155.512,140.0,155.51914285714287,us,asia,False,2
europe-west6-a,client-us-west2-a,155.999,140.0,156.00614285714286,europe,us,False,2
australia-southeast2-a,client-us-west4-a,156.545,139.0,156.5521942446043,australia,us,False,2
asia-northeast2-a,client-us-east4-c,156.671,138.0,156.6782463768116,asia,us,False,2
us-west4-a,client-australia-southeast2-a,156.72299999999998,140.0,156.73014285714285,us,australia,False,2
us-west2-a,client-europe-west6-a,157.118,140.0,157.12514285714286,us,europe,False,2
europe-north1-a,client-us-west1-b,158.041,137.0,158.048299270073,europe,us,False,2
europe-central2-a,client-us-west4-a,158.187,137.0,158.194299270073,europe,us,False,2
us-west1-b,client-europe-north1-a,158.384,138.0,158.39124637681158,us,europe,False,2
asia-northeast2-a,client-northamerica-northeast1-a,158.815,135.0,158.8224074074074,asia,northamerica,False,2
southamerica-east1-b,client-us-west4-a,158.841,109.0,158.85017431192662,southamerica,us,False,2
southamerica-east1-b,client-us-west3-a,158.851,136.0,158.85835294117646,southamerica,us,False,2
us-west4-a,client-europe-central2-a,158.895,136.0,158.90235294117647,us,europe,False,2
northamerica-northeast1-a,client-asia-northeast2-a,158.905,136.0,158.91235294117647,northamerica,asia,False,2
australia-southeast1-b,client-asia-south2-a,158.908,138.0,158.91524637681158,australia,asia,False,2
asia-south2-a,client-australia-southeast1-b,158.935,137.0,158.942299270073,asia,australia,False,2
us-west4-a,client-southamerica-east1-b,159.554,135.0,159.56140740740742,us,southamerica,False,2
us-west3-a,client-southamerica-east1-b,159.851,138.0,159.8582463768116,us,southamerica,False,2
asia-northeast3-a,client-australia-southeast2-a,160.836,135.0,160.84340740740743,asia,australia,False,2
australia-southeast2-a,client-asia-northeast3-a,160.86,136.0,160.86735294117648,australia,asia,False,2
europe-north1-a,client-us-west4-a,162.131,105.0,162.1405238095238,europe,us,False,2
australia-southeast2-a,client-us-west3-a,162.47899999999998,133.0,162.48651879699247,australia,us,False,2
us-west4-a,client-europe-north1-a,162.48,133.0,162.48751879699248,us,europe,False,2
asia-northeast2-a,client-us-east1-b,162.731,133.0,162.73851879699248,asia,us,False,2
us-west3-a,client-australia-southeast2-a,162.911,134.0,162.91846268656715,us,australia,False,2
us-east1-b,client-asia-northeast2-a,163.681,134.0,163.68846268656716,us,asia,False,2
us-west2-a,client-europe-central2-a,163.889,120.0,163.89733333333334,us,europe,False,2
europe-central2-a,client-us-west2-a,164.167,131.0,164.17463358778627,europe,us,False,2
asia-southeast1-b,client-us-west1-b,166.54,92.8,166.55077586206895,asia,us,False,2
europe-north1-a,client-us-west2-a,167.554,128.0,167.5618125,europe,us,False,2
us-west2-a,client-europe-north1-a,167.924,129.0,167.9317519379845,us,europe,False,2
us-west1-b,client-asia-southeast1-b,168.52,136.0,168.52735294117647,us,asia,False,2
northamerica-northeast2-a,client-asia-northeast3-a,169.148,124.0,169.15606451612902,northamerica,asia,False,2
asia-east2-a,client-us-central1-c,169.511,40.2,169.53587562189054,asia,us,False,2
southamerica-east1-b,client-us-west1-b,170.016,126.0,170.0239365079365,southamerica,us,False,2
us-west1-b,client-southamerica-east1-b,170.74900000000002,126.0,170.75693650793653,us,southamerica,False,2
asia-southeast2-a,client-us-west1-b,172.642,14.0,172.71342857142858,asia,us,False,2
asia-east1-b,client-northamerica-northeast2-a,172.75400000000002,116.0,172.7626206896552,asia,northamerica,False,2
northamerica-northeast2-a,client-asia-east1-b,173.01,123.0,173.0181300813008,northamerica,asia,False,2
asia-northeast3-a,client-northamerica-northeast2-a,173.549,126.0,173.5569365079365,asia,northamerica,False,2
us-west1-b,client-asia-southeast2-a,173.71,68.3,173.7246412884334,us,asia,False,2
asia-northeast3-a,client-us-east4-c,173.828,123.0,173.8361300813008,asia,us,False,2
asia-east1-b,client-us-east4-c,174.283,123.0,174.2911300813008,asia,us,False,2
australia-southeast1-b,client-us-central1-c,174.946,122.0,174.95419672131146,australia,us,False,2
us-west2-a,client-asia-southeast1-b,174.97400000000002,122.0,174.98219672131148,us,asia,False,2
us-central1-c,client-australia-southeast1-b,175.377,122.0,175.38519672131147,us,australia,False,2
us-east4-c,client-asia-east1-b,175.63,121.0,175.6382644628099,us,asia,False,2
us-east4-c,client-asia-northeast3-a,176.22299999999998,124.0,176.231064516129,us,asia,False,2
us-west4-a,client-asia-southeast1-b,176.986,119.0,176.99440336134452,us,asia,False,2
asia-northeast3-a,client-northamerica-northeast1-a,177.852,118.0,177.8604745762712,asia,northamerica,False,2
us-west2-a,client-asia-southeast2-a,177.888,119.0,177.89640336134454,us,asia,False,2
asia-east1-b,client-northamerica-northeast1-a,179.015,118.0,179.02347457627118,asia,northamerica,False,2
northamerica-northeast1-a,client-asia-east1-b,179.263,119.0,179.27140336134454,northamerica,asia,False,2
northamerica-northeast1-a,client-asia-northeast3-a,179.875,121.0,179.8832644628099,northamerica,asia,False,2
us-east1-b,client-asia-northeast3-a,180.463,118.0,180.4714745762712,us,asia,False,2
us-west3-a,client-asia-southeast1-b,180.47,120.0,180.47833333333332,us,asia,False,2
asia-northeast3-a,client-us-east1-b,180.954,117.0,180.962547008547,asia,us,False,2
asia-southeast2-a,client-us-west2-a,182.018,116.0,182.02662068965518,asia,us,False,2
us-west4-a,client-asia-southeast2-a,184.266,115.0,184.2746956521739,us,asia,False,2
us-east1-b,client-asia-east1-b,184.828,114.0,184.83677192982455,us,asia,False,2
northamerica-northeast2-a,client-asia-east2-a,184.929,114.0,184.93777192982455,northamerica,asia,False,2
southamerica-west1-b,client-europe-west2-c,185.342,114.0,185.35077192982456,southamerica,europe,False,2
asia-east2-a,client-northamerica-northeast2-a,185.514,114.0,185.52277192982456,asia,northamerica,False,2
australia-southeast2-a,client-us-central1-c,186.519,113.0,186.52784955752213,australia,us,False,2
us-central1-c,client-australia-southeast2-a,186.926,113.0,186.9348495575221,us,australia,False,2
us-east4-c,client-asia-east2-a,187.358,113.0,187.36684955752213,us,asia,False,2
europe-west2-c,client-southamerica-west1-b,187.56799999999998,114.0,187.57677192982453,europe,southamerica,False,2
asia-southeast2-a,client-us-west4-a,187.63,113.0,187.63884955752212,asia,us,False,2
asia-east1-b,client-us-east1-b,187.641,114.0,187.64977192982454,asia,us,False,2
asia-east2-a,client-us-east4-c,187.87599999999998,13.5,187.95007407407405,asia,us,False,2
northamerica-northeast2-a,client-australia-southeast1-b,190.356,73.6,190.36958695652174,northamerica,australia,False,2
southamerica-east1-b,client-europe-west2-c,190.64,110.0,190.6490909090909,southamerica,europe,False,2
europe-west2-c,client-southamerica-east1-b,190.71200000000002,111.0,190.72100900900904,europe,southamerica,False,2
asia-southeast2-a,client-us-west3-a,191.19400000000002,109.0,191.20317431192663,asia,us,False,2
australia-southeast1-b,client-northamerica-northeast2-a,191.264,111.0,191.27300900900903,australia,northamerica,False,2
northamerica-northeast1-a,client-asia-east2-a,191.783,109.0,191.7921743119266,northamerica,asia,False,2
us-west3-a,client-asia-southeast2-a,191.894,111.0,191.90300900900903,us,asia,False,2
asia-east2-a,client-northamerica-northeast1-a,192.36,109.0,192.36917431192663,asia,northamerica,False,2
australia-southeast1-b,client-us-east4-c,193.044,108.0,193.05325925925928,australia,us,False,2
us-east4-c,client-australia-southeast1-b,193.082,109.0,193.0911743119266,us,australia,False,2
southamerica-west1-b,client-europe-west3-c,194.196,107.0,194.2053457943925,southamerica,europe,False,2
asia-east2-a,client-us-east1-b,194.49599999999998,108.0,194.50525925925925,asia,us,False,2
europe-west1-b,client-southamerica-east1-b,194.55599999999998,108.0,194.56525925925925,europe,southamerica,False,2
europe-west3-c,client-southamerica-west1-b,194.571,107.0,194.5803457943925,europe,southamerica,False,2
us-east1-b,client-asia-east2-a,194.65099999999998,107.0,194.6603457943925,us,asia,False,2
southamerica-east1-b,client-europe-west1-b,194.774,107.0,194.78334579439252,southamerica,europe,False,2
europe-west1-b,client-southamerica-west1-b,196.063,107.0,196.0723457943925,europe,southamerica,False,2
northamerica-northeast1-a,client-australia-southeast1-b,196.547,107.0,196.5563457943925,northamerica,australia,False,2
australia-southeast1-b,client-northamerica-northeast1-a,197.143,107.0,197.15234579439252,australia,northamerica,False,2
us-east1-b,client-australia-southeast1-b,198.11900000000003,106.0,198.12843396226418,us,australia,False,2
australia-southeast1-b,client-us-east1-b,198.17,105.0,198.1795238095238,australia,us,False,2
southamerica-east1-b,client-europe-west4-a,198.457,107.0,198.4663457943925,southamerica,europe,False,2
europe-west4-a,client-southamerica-east1-b,198.645,105.0,198.65452380952382,europe,southamerica,False,2
asia-southeast1-b,client-us-central1-c,198.69,97.4,198.70026694045174,asia,us,False,2
southamerica-west1-b,client-europe-west1-b,198.738,105.0,198.7475238095238,southamerica,europe,False,2
southamerica-east1-b,client-europe-west3-c,199.237,105.0,199.2465238095238,southamerica,europe,False,2
europe-west3-c,client-southamerica-east1-b,199.293,104.0,199.3026153846154,europe,southamerica,False,2
europe-west6-a,client-southamerica-west1-b,200.101,101.0,200.110900990099,europe,southamerica,False,3
southamerica-west1-b,client-europe-west4-a,201.19799999999998,108.0,201.20725925925925,southamerica,europe,False,3
europe-west4-a,client-southamerica-west1-b,201.83700000000002,104.0,201.8466153846154,europe,southamerica,False,3
australia-southeast2-a,client-northamerica-northeast2-a,202.403,103.0,202.41270873786408,australia,northamerica,False,3
us-central1-c,client-asia-southeast1-b,202.457,102.0,202.4668039215686,us,asia,False,3
northamerica-northeast2-a,client-australia-southeast2-a,202.74400000000003,103.0,202.75370873786412,northamerica,australia,False,3
southamerica-west1-b,client-europe-west6-a,203.312,103.0,203.3217087378641,southamerica,europe,False,3
australia-southeast2-a,client-us-east4-c,204.715,101.0,204.724900990099,australia,us,False,3
southamerica-west1-b,client-asia-northeast1-b,204.88099999999997,101.0,204.89090099009897,southamerica,asia,False,3
us-east4-c,client-australia-southeast2-a,205.24200000000002,101.0,205.25190099009902,us,australia,False,3
asia-northeast1-b,client-southamerica-west1-b,205.44,101.0,205.449900990099,asia,southamerica,False,3
southamerica-east1-b,client-europe-west6-a,205.55900000000003,101.0,205.56890099009902,southamerica,europe,False,3
europe-west6-a,client-southamerica-east1-b,205.6,101.0,205.609900990099,europe,southamerica,False,3
australia-southeast2-a,client-northamerica-northeast1-a,208.63,98.2,208.640183299389,australia,northamerica,False,3
northamerica-northeast1-a,client-australia-southeast2-a,208.887,99.0,208.897101010101,northamerica,australia,False,3
australia-southeast2-a,client-us-east1-b,209.915,98.1,209.92519367991844,australia,us,False,3
europe-central2-a,client-southamerica-west1-b,210.495,98.1,210.50519367991845,europe,southamerica,False,3
us-east1-b,client-australia-southeast2-a,210.59099999999998,97.6,210.60124590163932,us,australia,False,3
southamerica-west1-b,client-asia-northeast2-a,212.622,96.7,212.63234126163394,southamerica,asia,False,3
asia-northeast2-a,client-southamerica-west1-b,212.71400000000003,66.4,212.7290602409639,asia,southamerica,False,3
southamerica-west1-b,client-europe-central2-a,212.918,97.9,212.92821450459653,southamerica,europe,False,3
asia-southeast1-b,client-northamerica-northeast2-a,213.174,91.3,213.18495290251917,asia,northamerica,False,3
europe-central2-a,client-southamerica-east1-b,213.179,96.6,213.18935196687372,europe,southamerica,False,3
southamerica-east1-b,client-europe-central2-a,213.528,96.2,213.538395010395,southamerica,europe,False,3
asia-southeast2-a,client-us-central1-c,215.303,96.5,215.3133626943005,asia,us,False,3
asia-northeast1-b,client-europe-west2-c,215.953,93.6,215.96368376068375,asia,europe,False,3
europe-north1-a,client-southamerica-east1-b,216.428,94.1,216.4386269925611,europe,southamerica,False,3
europe-west2-c,client-asia-northeast1-b,217.71,94.1,217.7206269925611,europe,asia,False,3
southamerica-east1-b,client-europe-north1-a,217.757,94.0,217.76763829787234,southamerica,europe,False,3
us-west1-b,client-asia-south1-c,219.38299999999998,91.5,219.39392896174863,us,asia,False,3
northamerica-northeast1-a,client-asia-southeast1-b,219.437,91.8,219.44789324618736,northamerica,asia,False,3
us-central1-c,client-asia-southeast2-a,219.727,93.8,219.73766098081023,us,asia,False,3
us-east4-c,client-asia-southeast1-b,220.042,92.3,220.05283423618636,us,asia,False,3
asia-southeast1-b,client-us-east4-c,220.285,94.4,220.295593220339,asia,us,False,3
europe-west1-b,client-asia-northeast1-b,220.98,92.0,220.9908695652174,europe,asia,False,3
northamerica-northeast2-a,client-asia-southeast1-b,221.36,96.7,221.37034126163394,northamerica,asia,False,3
northamerica-northeast2-a,client-asia-southeast2-a,221.375,90.4,221.38606194690266,northamerica,asia,False,3
asia-northeast1-b,client-europe-west1-b,222.502,91.4,222.51294091903722,asia,europe,False,3
asia-south1-c,client-us-west2-a,223.637,92.1,223.64785776330075,asia,us,False,3
us-west2-a,client-asia-south1-c,224.037,91.9,224.04788139281828,us,asia,False,3
asia-northeast1-b,client-europe-west4-a,224.243,89.0,224.25423595505617,asia,europe,False,3
europe-west2-c,client-asia-northeast2-a,224.852,90.9,224.86300110011,europe,asia,False,3
southamerica-west1-b,client-europe-north1-a,224.859,91.6,224.8699170305677,southamerica,europe,False,3
europe-west4-a,client-asia-northeast1-b,225.333,91.6,225.3439170305677,europe,asia,False,3
europe-west3-c,client-asia-northeast1-b,226.668,91.5,226.67892896174865,europe,asia,False,3
asia-northeast2-a,client-europe-west2-c,227.044,90.5,227.05504972375692,asia,europe,False,3
europe-north1-a,client-southamerica-west1-b,227.637,92.0,227.6478695652174,europe,southamerica,False,3
asia-northeast1-b,client-europe-west3-c,227.778,89.6,227.7891607142857,asia,europe,False,3
asia-south1-c,client-us-west1-b,228.118,89.4,228.1291856823266,asia,us,False,3
asia-southeast2-a,client-northamerica-northeast1-a,228.747,89.5,228.75817318435756,asia,northamerica,False,3
asia-northeast2-a,client-europe-west1-b,229.195,89.1,229.20622334455666,asia,europe,False,3
asia-southeast1-b,client-northamerica-northeast1-a,229.669,87.1,229.68048105625718,asia,northamerica,False,3
us-east1-b,client-asia-southeast1-b,229.669,11.9,229.75303361344538,us,asia,False,3
us-west4-a,client-asia-south1-c,229.87400000000002,88.8,229.8852612612613,us,asia,False,3
europe-west1-b,client-asia-northeast2-a,230.014,89.6,230.02516071428573,europe,asia,False,3
southamerica-west1-b,client-asia-northeast3-a,230.84099999999998,87.1,230.85248105625715,southamerica,asia,False,3
asia-southeast2-a,client-northamerica-northeast2-a,231.201,89.3,231.21219820828668,asia,northamerica,False,3
northamerica-northeast1-a,client-asia-southeast2-a,231.387,89.4,231.3981856823266,northamerica,asia,False,3
asia-northeast3-a,client-southamerica-west1-b,231.41,87.0,231.42149425287357,asia,southamerica,False,3
asia-south2-a,client-us-west1-b,231.56799999999998,86.1,231.5796144018583,asia,us,False,3
europe-west6-a,client-asia-northeast1-b,231.58700000000002,84.7,231.59880637544276,europe,asia,False,3
asia-southeast1-b,client-us-east1-b,231.745,86.5,231.75656069364163,asia,us,False,3
asia-northeast1-b,client-europe-west6-a,231.851,84.9,231.8627785630153,asia,europe,False,3
asia-southeast2-a,client-us-east4-c,231.885,89.1,231.89622334455666,asia,us,False,3
southamerica-west1-b,client-asia-east1-b,232.10299999999998,86.7,232.11453402537484,southamerica,asia,False,3
asia-east1-b,client-southamerica-west1-b,232.18400000000003,86.6,232.19554734411088,asia,southamerica,False,3
asia-northeast2-a,client-europe-west4-a,232.398,87.0,232.40949425287357,asia,europe,False,3
europe-west4-a,client-asia-northeast2-a,233.166,86.7,233.17753402537485,europe,asia,False,3
asia-south1-c,client-us-west4-a,234.65400000000002,89.2,234.66521076233187,asia,us,False,3
us-west1-b,client-asia-south2-a,234.859,86.3,234.87058748551564,us,asia,False,3
europe-west3-c,client-asia-northeast2-a,235.47799999999998,85.6,235.48968224299063,europe,asia,False,3
asia-northeast2-a,client-europe-west3-c,235.713,86.7,235.72453402537485,asia,europe,False,3
us-west3-a,client-asia-south1-c,236.168,85.7,236.17966861143523,us,asia,False,3
us-east4-c,client-asia-southeast2-a,237.50400000000002,84.2,237.51587648456058,us,asia,False,3
us-west2-a,client-asia-south2-a,238.84599999999998,86.1,238.85761440185829,us,asia,False,3
us-east1-b,client-asia-southeast2-a,240.049,81.6,240.06125490196078,us,asia,False,3
asia-northeast2-a,client-europe-west6-a,241.107,84.2,241.11887648456056,asia,europe,False,3
europe-west2-c,client-asia-northeast3-a,241.261,82.6,241.27310653753025,europe,asia,False,3
asia-south1-c,client-us-west3-a,241.31900000000002,86.2,241.33060092807426,asia,us,False,3
europe-west6-a,client-asia-northeast2-a,241.674,83.7,241.68594743130228,europe,asia,False,3
asia-northeast1-b,client-europe-central2-a,242.55599999999998,82.8,242.56807729468596,asia,europe,False,3
southamerica-west1-b,client-australia-southeast1-b,242.743,82.5,242.7551212121212,southamerica,australia,False,3
asia-southeast2-a,client-us-east1-b,243.11700000000002,81.9,243.12921001221002,asia,us,False,3
australia-southeast1-b,client-southamerica-west1-b,243.196,82.6,243.20810653753026,australia,southamerica,False,3
us-west4-a,client-asia-south2-a,243.372,85.8,243.38365501165504,us,asia,False,3
asia-northeast3-a,client-europe-west2-c,243.882,82.6,243.89410653753026,asia,europe,False,3
europe-central2-a,client-asia-northeast1-b,244.09799999999998,83.8,244.10993317422432,europe,asia,False,3
asia-east2-a,client-southamerica-west1-b,244.18099999999998,82.6,244.19310653753024,asia,southamerica,False,3
southamerica-west1-b,client-asia-east2-a,244.34799999999998,82.3,244.36015066828674,southamerica,asia,False,3
europe-west2-c,client-asia-east1-b,245.34400000000002,82.2,245.35616545012167,europe,asia,False,3
asia-northeast3-a,client-europe-west1-b,245.831,79.0,245.8436582278481,asia,europe,False,3
asia-east1-b,client-europe-west2-c,245.94799999999998,82.4,245.96013592233007,asia,europe,False,3
asia-south2-a,client-us-west2-a,245.955,84.8,245.9667924528302,asia,us,False,3
us-central1-c,client-us-west2-a,246.083,201.0,246.08797512437812,us,us,True,3
asia-northeast1-b,client-europe-north1-a,246.41099999999997,81.5,246.4232699386503,asia,europe,False,3
europe-west1-b,client-asia-northeast3-a,247.05900000000003,82.4,247.07113592233011,europe,asia,False,3
asia-east1-b,client-europe-west1-b,248.882,79.7,248.8945470514429,asia,europe,False,3
europe-west4-a,client-asia-northeast3-a,248.92,79.7,248.9325470514429,europe,asia,False,3
europe-west1-b,client-asia-east1-b,249.21099999999998,80.3,249.2234533001245,europe,asia,False,3
asia-northeast2-a,client-europe-central2-a,249.753,78.5,249.76573885350317,asia,europe,False,3
europe-north1-a,client-asia-northeast1-b,249.80200000000002,79.0,249.81465822784813,europe,asia,False,3
us-west3-a,client-asia-south2-a,249.99099999999999,81.1,250.00333045622688,us,asia,False,3
europe-west4-a,client-asia-east1-b,250.06,79.7,250.0725470514429,europe,asia,False,3
asia-northeast3-a,client-europe-west4-a,250.44099999999997,78.5,250.45373885350315,asia,europe,False,3
europe-central2-a,client-asia-northeast2-a,250.46200000000002,77.1,250.4749701686122,europe,asia,False,3
asia-south2-a,client-us-west4-a,250.77900000000002,82.9,250.79106272617614,asia,us,False,3
asia-east1-b,client-europe-west4-a,251.158,79.7,251.1705470514429,asia,europe,False,3
southamerica-east1-b,client-asia-northeast1-b,253.385,79.7,253.3975470514429,southamerica,asia,False,3
australia-southeast2-a,client-southamerica-west1-b,254.365,77.3,254.37793661060803,australia,southamerica,False,3
asia-northeast1-b,client-southamerica-east1-b,254.643,77.1,254.65597016861219,asia,southamerica,False,3
southamerica-west1-b,client-australia-southeast2-a,254.84599999999998,78.2,254.85878772378513,southamerica,australia,False,3
europe-west3-c,client-asia-northeast3-a,255.21,73.0,255.223698630137,europe,asia,False,3
asia-east1-b,client-europe-west3-c,255.327,77.2,255.33995336787564,asia,europe,False,3
europe-west3-c,client-asia-east1-b,255.998,77.3,256.010936610608,europe,asia,False,3
asia-east2-a,client-europe-west2-c,256.18,64.5,256.195503875969,asia,europe,False,3
asia-northeast3-a,client-europe-west3-c,256.415,79.7,256.42754705144296,asia,europe,False,3
europe-north1-a,client-asia-northeast2-a,256.441,77.4,256.4539198966408,europe,asia,False,3
asia-northeast2-a,client-europe-north1-a,256.85400000000004,77.3,256.86693661060804,asia,europe,False,3
europe-west2-c,client-asia-east2-a,257.385,76.9,257.39800390117034,europe,asia,False,3
asia-northeast2-a,client-southamerica-east1-b,259.469,76.0,259.4821578947368,asia,southamerica,False,3
asia-northeast3-a,client-europe-west6-a,260.022,75.4,260.0352625994695,asia,europe,False,3
southamerica-east1-b,client-asia-northeast2-a,260.025,74.9,260.03835113484644,southamerica,asia,False,3
us-central1-c,client-asia-south1-c,261.23400000000004,75.0,261.24733333333336,us,asia,False,3
europe-west6-a,client-asia-east1-b,261.327,74.6,261.34040482573727,europe,asia,False,3
europe-west2-c,client-australia-southeast1-b,261.375,74.9,261.38835113484646,europe,australia,False,3
asia-south2-a,client-us-west3-a,261.622,21.0,261.66961904761905,asia,us,False,3
europe-west6-a,client-asia-northeast3-a,261.675,74.0,261.6885135135135,europe,asia,False,3
asia-east2-a,client-europe-west1-b,261.725,74.8,261.73836898395723,asia,europe,False,3
europe-west1-b,client-asia-east2-a,261.733,75.2,261.74629787234045,europe,asia,False,3
asia-east1-b,client-europe-west6-a,261.809,75.4,261.8222625994695,asia,europe,False,3
australia-southeast1-b,client-europe-west2-c,263.439,74.4,263.45244086021506,australia,europe,False,3
asia-south1-c,client-us-central1-c,263.555,74.4,263.56844086021505,asia,us,False,3
europe-west4-a,client-asia-east2-a,264.666,74.0,264.6795135135135,europe,asia,False,3
asia-east2-a,client-europe-west4-a,265.003,74.3,265.01645895020187,asia,europe,False,3
europe-central2-a,client-asia-northeast3-a,266.267,72.3,266.2808312586445,europe,asia,False,3
asia-northeast3-a,client-europe-central2-a,266.678,72.4,266.69181215469615,asia,europe,False,3
europe-west1-b,client-australia-southeast1-b,266.971,73.4,266.9846239782016,europe,australia,False,3
australia-southeast1-b,client-europe-west1-b,267.22700000000003,73.4,267.24062397820165,australia,europe,False,3
europe-west3-c,client-asia-east2-a,267.772,73.0,267.785698630137,europe,asia,False,3
asia-east2-a,client-europe-west3-c,268.029,73.4,268.0426239782016,asia,europe,False,3
us-west2-a,client-europe-west3-c,268.432,32.3,268.462959752322,us,europe,False,3
northamerica-northeast2-a,client-asia-south1-c,268.682,5.64,268.85930496453904,northamerica,asia,False,3
europe-central2-a,client-asia-east1-b,269.758,72.6,269.7717741046832,europe,asia,False,3
australia-southeast1-b,client-europe-west4-a,269.995,71.9,270.00890820584146,australia,europe,False,3
europe-west4-a,client-australia-southeast1-b,271.01,72.8,271.0237362637363,europe,australia,False,3
us-east4-c,client-asia-south1-c,271.486,4.08,271.7310980392157,us,asia,False,3
asia-south1-c,client-us-east4-c,271.73,57.1,271.74751313485115,asia,us,False,3
asia-south2-a,client-us-central1-c,271.928,71.4,271.9420056022409,asia,us,False,3
asia-east2-a,client-europe-west6-a,272.867,72.0,272.88088888888893,asia,europe,False,3
europe-west3-c,client-australia-southeast1-b,273.402,72.0,273.4158888888889,europe,australia,False,3
europe-west6-a,client-asia-east2-a,273.559,71.0,273.57308450704227,europe,asia,False,3
australia-southeast1-b,client-europe-west3-c,273.68,71.9,273.69390820584147,australia,europe,False,3
asia-east1-b,client-europe-north1-a,274.586,71.3,274.6000252454418,asia,europe,False,3
europe-north1-a,client-asia-northeast3-a,275.16,71.8,275.17392757660167,europe,asia,False,3
europe-west2-c,client-australia-southeast2-a,275.22700000000003,71.9,275.2409082058415,europe,australia,False,3
australia-southeast2-a,client-europe-west2-c,275.691,71.8,275.7049275766016,australia,europe,False,3
northamerica-northeast1-a,client-asia-south1-c,275.694,69.5,275.70838848920863,northamerica,asia,False,3
asia-south1-c,client-northamerica-northeast1-a,275.969,70.6,275.983164305949,asia,northamerica,False,3
us-central1-c,client-asia-south2-a,276.483,71.7,276.4969470013947,us,asia,False,3
asia-south2-a,client-us-east4-c,276.54200000000003,60.3,276.55858374792706,asia,us,False,3
asia-northeast3-a,client-europe-north1-a,277.137,70.9,277.1511043723554,asia,europe,False,3
asia-northeast3-a,client-southamerica-east1-b,277.538,69.9,277.5523061516452,asia,southamerica,False,3
southamerica-west1-b,client-asia-southeast1-b,277.79400000000004,70.1,277.80826533523543,southamerica,asia,False,3
europe-north1-a,client-asia-east1-b,278.276,70.1,278.2902653352354,europe,asia,False,3
asia-south2-a,client-northamerica-northeast2-a,278.778,69.5,278.79238848920863,asia,northamerica,False,3
europe-west1-b,client-australia-southeast2-a,278.899,70.0,278.91328571428573,europe,australia,False,3
asia-south2-a,client-northamerica-northeast1-a,279.005,64.5,279.020503875969,asia,northamerica,False,3
asia-east1-b,client-southamerica-east1-b,279.007,68.4,279.02161988304096,asia,southamerica,False,3
australia-southeast2-a,client-europe-west1-b,279.238,69.6,279.252367816092,australia,europe,False,3
asia-southeast1-b,client-southamerica-west1-b,279.438,68.8,279.45253488372094,asia,southamerica,False,3
europe-west6-a,client-australia-southeast1-b,279.812,69.7,279.82634720229555,europe,australia,False,3
australia-southeast1-b,client-europe-west6-a,279.938,69.5,279.9523884892086,australia,europe,False,3
southamerica-east1-b,client-asia-northeast3-a,280.41,70.1,280.4242653352354,southamerica,asia,False,3
southamerica-east1-b,client-asia-east1-b,281.092,70.0,281.1062857142857,southamerica,asia,False,3
europe-west4-a,client-australia-southeast2-a,281.421,68.8,281.43553488372095,europe,australia,False,3
europe-central2-a,client-asia-east2-a,281.797,68.9,281.8115137880987,europe,asia,False,3
asia-east2-a,client-europe-central2-a,281.801,68.7,281.8155560407569,asia,europe,False,3
australia-southeast2-a,client-europe-west4-a,282.11400000000003,68.0,282.12870588235296,australia,europe,False,3
northamerica-northeast1-a,client-asia-south2-a,282.742,64.9,282.7574083204931,northamerica,asia,False,3
us-east1-b,client-asia-south1-c,283.007,64.7,283.022455950541,us,asia,False,3
europe-west3-c,client-australia-southeast2-a,285.149,67.7,285.1637710487445,europe,australia,False,3
australia-southeast2-a,client-europe-west3-c,285.277,67.5,285.2918148148148,australia,europe,False,3
northamerica-northeast2-a,client-asia-south2-a,285.855,67.4,285.86983679525224,northamerica,asia,False,3
asia-south1-c,client-northamerica-northeast2-a,286.307,72.8,286.3207362637363,asia,northamerica,False,3
europe-north1-a,client-asia-east2-a,287.603,67.0,287.6179253731343,europe,asia,False,3
asia-southeast2-a,client-southamerica-west1-b,287.815,66.6,287.830015015015,asia,southamerica,False,3
europe-central2-a,client-australia-southeast1-b,287.92,66.8,287.93497005988024,europe,australia,False,3
australia-southeast1-b,client-europe-central2-a,288.43,66.8,288.44497005988023,australia,europe,False,3
us-east4-c,client-asia-south2-a,288.776,67.8,288.7907492625369,us,asia,False,3
australia-southeast1-b,client-southamerica-east1-b,290.112,65.9,290.12717450682857,australia,southamerica,False,3
europe-west2-c,client-asia-southeast1-b,291.324,66.9,291.33894768310915,europe,asia,False,3
europe-west6-a,client-australia-southeast2-a,291.726,66.0,291.7411515151515,europe,australia,False,3
southamerica-east1-b,client-australia-southeast1-b,292.072,65.5,292.08726717557255,southamerica,australia,False,3
asia-south1-c,client-us-east1-b,292.316,65.1,292.3313609831029,asia,us,False,3
asia-east2-a,client-southamerica-east1-b,292.382,65.2,292.3973374233129,asia,southamerica,False,3
australia-southeast2-a,client-europe-west6-a,292.39599999999996,66.2,292.4111057401812,australia,europe,False,3
southamerica-east1-b,client-asia-east2-a,292.60400000000004,65.0,292.61938461538466,southamerica,asia,False,3
southamerica-west1-b,client-asia-southeast2-a,292.61,66.6,292.62501501501504,southamerica,asia,False,3
europe-west1-b,client-asia-southeast1-b,292.928,66.7,292.94299250374814,europe,asia,False,3
australia-southeast1-b,client-europe-north1-a,294.045,64.6,294.060479876161,australia,europe,False,3
europe-north1-a,client-australia-southeast1-b,294.302,64.6,294.31747987616103,europe,australia,False,3
europe-west4-a,client-asia-southeast1-b,294.567,5.0,294.767,europe,asia,False,3
asia-southeast2-a,client-europe-west2-c,296.666,64.6,296.681479876161,asia,europe,False,3
asia-southeast1-b,client-europe-west4-a,296.666,62.6,296.6819744408946,asia,europe,False,3
asia-south2-a,client-us-east1-b,297.675,64.4,297.6905279503106,asia,us,False,3
europe-west3-c,client-asia-southeast1-b,299.598,64.0,299.613625,europe,asia,False,3
australia-southeast2-a,client-europe-central2-a,300.08099999999996,63.1,300.0968478605388,australia,europe,False,3
europe-central2-a,client-australia-southeast2-a,300.58299999999997,64.1,300.5986006240249,europe,australia,False,3
asia-southeast2-a,client-europe-west1-b,302.445,62.0,302.46112903225804,asia,europe,False,3
europe-west2-c,client-asia-southeast2-a,302.531,61.2,302.5473398692811,europe,asia,False,3
australia-southeast2-a,client-southamerica-east1-b,302.765,56.9,302.7825746924429,australia,southamerica,False,3
southamerica-east1-b,client-australia-southeast2-a,303.913,62.4,303.92902564102565,southamerica,australia,False,3
asia-southeast1-b,client-europe-west3-c,304.71299999999997,64.2,304.7285763239875,asia,europe,False,3
europe-west4-a,client-asia-southeast2-a,305.132,60.0,305.14866666666666,europe,asia,False,3
europe-north1-a,client-australia-southeast2-a,305.64,62.0,305.65612903225804,europe,australia,False,3
australia-southeast2-a,client-europe-north1-a,306.01599999999996,62.5,306.032,australia,europe,False,3
europe-west1-b,client-asia-southeast2-a,306.068,62.2,306.08407717041797,europe,asia,False,3
us-east1-b,client-asia-south2-a,306.29,66.8,306.30497005988025,us,asia,False,3
europe-west6-a,client-asia-southeast1-b,306.913,62.9,306.9288982511924,europe,asia,False,3
asia-southeast1-b,client-europe-west6-a,307.656,60.3,307.67258374792704,asia,europe,False,3
asia-southeast2-a,client-europe-west3-c,308.35,61.4,308.3662866449512,asia,europe,False,3
asia-southeast2-a,client-europe-west6-a,309.345,61.2,309.3613398692811,asia,europe,False,3
asia-southeast2-a,client-europe-west4-a,313.127,60.8,313.14344736842105,asia,europe,False,3
europe-central2-a,client-asia-southeast1-b,315.976,59.8,315.99272240802674,europe,asia,False,3
europe-west6-a,client-asia-southeast2-a,317.676,59.5,317.69280672268906,europe,asia,False,3
europe-west3-c,client-asia-southeast2-a,317.865,54.7,317.883281535649,europe,asia,False,3
asia-southeast2-a,client-europe-central2-a,318.112,58.5,318.129094017094,asia,europe,False,3
europe-north1-a,client-asia-southeast1-b,323.533,57.7,323.5503310225304,europe,asia,False,3
southamerica-east1-b,client-asia-southeast1-b,325.165,57.4,325.1824216027875,southamerica,asia,False,3
asia-southeast1-b,client-southamerica-east1-b,325.491,57.7,325.50833102253034,asia,southamerica,False,3
asia-south1-c,client-southamerica-west1-b,327.60900000000004,57.3,327.62645200698086,asia,southamerica,False,3
southamerica-west1-b,client-asia-south1-c,328.22,57.0,328.2375438596491,southamerica,asia,False,3
europe-central2-a,client-asia-southeast2-a,329.784,57.4,329.80142160278746,europe,asia,False,3
asia-southeast2-a,client-southamerica-east1-b,330.715,54.9,330.7332149362477,asia,southamerica,False,3
europe-north1-a,client-asia-southeast2-a,331.801,55.2,331.819115942029,europe,asia,False,3
southamerica-east1-b,client-asia-southeast2-a,336.654,57.2,336.6714825174825,southamerica,asia,False,3
asia-southeast2-a,client-europe-north1-a,337.19199999999995,55.0,337.21018181818175,asia,europe,False,3
europe-west2-c,client-asia-south1-c,340.195,49.4,340.21524291497974,europe,asia,False,3
asia-south1-c,client-europe-west2-c,340.05300000000005,5.08,340.24985039370085,asia,europe,False,3
southamerica-west1-b,client-asia-south2-a,346.871,52.0,346.89023076923075,southamerica,asia,False,3
asia-south2-a,client-southamerica-west1-b,347.28,54.0,347.2985185185185,asia,southamerica,False,3
europe-west1-b,client-asia-south1-c,350.486,52.0,350.50523076923076,europe,asia,False,3
asia-south1-c,client-europe-west1-b,351.153,52.4,351.1720839694657,asia,europe,False,3
asia-south1-c,client-europe-west3-c,351.94800000000004,51.9,351.96726782273606,asia,europe,False,3
europe-west3-c,client-asia-south1-c,352.01599999999996,50.9,352.03564636542234,europe,asia,False,3
europe-west2-c,client-asia-south2-a,352.45300000000003,49.6,352.4731612903226,europe,asia,False,3
asia-south1-c,client-europe-west4-a,354.284,52.4,354.30308396946566,asia,europe,False,3
europe-west6-a,client-asia-south1-c,358.55800000000005,49.4,358.5782429149798,europe,asia,False,3
europe-west1-b,client-asia-south2-a,359.51800000000003,51.4,359.53745525291833,europe,asia,False,3
asia-south1-c,client-europe-west6-a,360.25800000000004,49.2,360.27832520325205,asia,europe,False,3
asia-south2-a,client-europe-west4-a,362.754,46.2,362.77564502164506,asia,europe,False,3
europe-west4-a,client-asia-south1-c,364.88300000000004,52.0,364.9022307692308,europe,asia,False,3
europe-west4-a,client-asia-south2-a,365.337,48.9,365.3574498977505,europe,asia,False,3
europe-central2-a,client-asia-south1-c,366.353,48.2,366.37374688796683,europe,asia,False,3
asia-south1-c,client-europe-central2-a,366.62300000000005,48.6,366.64357613168727,asia,europe,False,3
europe-west3-c,client-asia-south2-a,367.66,46.5,367.6815053763441,europe,asia,False,3
asia-south2-a,client-europe-west2-c,368.30800000000005,47.6,368.3290084033614,asia,europe,False,3
asia-east2-a,client-europe-north1-a,370.074,66.4,370.0890602409639,asia,europe,False,3
asia-south2-a,client-europe-west1-b,371.19800000000004,46.9,371.2193219616205,asia,europe,False,3
asia-south1-c,client-europe-north1-a,372.145,46.6,372.1664592274678,asia,europe,False,3
asia-south2-a,client-europe-central2-a,372.713,47.4,372.7340970464135,asia,europe,False,3
europe-north1-a,client-asia-south1-c,373.161,46.7,373.1824132762313,europe,asia,False,3
asia-south2-a,client-europe-west3-c,373.838,48.3,373.85870393374745,asia,europe,False,3
europe-west6-a,client-asia-south2-a,373.884,46.5,373.9055053763441,europe,asia,False,3
asia-south1-c,client-southamerica-east1-b,375.79,47.3,375.81114164904864,asia,southamerica,False,3
europe-central2-a,client-asia-south2-a,376.852,47.1,376.8732314225053,europe,asia,False,3
asia-south2-a,client-europe-west6-a,377.175,48.0,377.1958333333333,asia,europe,False,3
southamerica-east1-b,client-asia-south1-c,377.371,47.1,377.3922314225053,southamerica,asia,False,3
asia-south2-a,client-southamerica-east1-b,380.534,44.6,380.5564215246637,asia,southamerica,False,3
europe-north1-a,client-asia-south2-a,389.462,42.3,389.48564066193853,europe,asia,False,3
asia-south2-a,client-europe-north1-a,393.88199999999995,44.8,393.9043214285714,asia,europe,False,3
southamerica-east1-b,client-asia-south2-a,394.301,44.3,394.32357336343114,southamerica,asia,False,3
asia-east1-b,client-europe-central2-a,563.408,71.9,563.4219082058414,asia,europe,False,3
asia-southeast1-b,client-us-west2-a,176.293,,,asia,us,False,2
asia-southeast1-b,client-us-west3-a,182.919,,,asia,us,False,2
asia-southeast1-b,client-us-west4-a,181.137,,,asia,us,False,2
asia-southeast1-b,client-europe-central2-a,320.783,,,asia,europe,False,3
asia-southeast1-b,client-europe-north1-a,323.421,,,asia,europe,False,3
asia-southeast1-b,client-europe-west1-b,295.33299999999997,,,asia,europe,False,3
asia-southeast1-b,client-europe-west2-c,290.312,,,asia,europe,False,3
us-central1-c,client-europe-west3-c,105.664,,,us,europe,False,2
us-central1-c,client-europe-west4-a,102.285,,,us,europe,False,2
us-central1-c,client-europe-west6-a,112.57,,,us,europe,False,2
us-central1-c,client-asia-east1-b,157.866,,,us,asia,False,2
us-central1-c,client-asia-east2-a,170.804,,,us,asia,False,2
us-central1-c,client-asia-northeast1-b,131.912,,,us,asia,False,2
us-central1-c,client-asia-northeast2-a,137.569,,,us,asia,False,2
us-central1-c,client-asia-northeast3-a,157.251,,,us,asia,False,2
